path	duration_s	bitrate_kbps	sample_rate	channels	codec	size_bytes	result	note
Bloodlines/01 - The Grandmothers' Fire.mp3	177.168000	181	48000	2	mp3	4029081	ok	
Bloodlines/02 - The Busaw Bargain.mp3	169.032000	182	48000	2	mp3	3863852	ok	
Bloodlines/03 - What the Feasts Fed.mp3	218.040000	185	48000	2	mp3	5061141	ok	
Bloodlines/04 - The Mangkukulam's Trade.mp3	188.352000	181	48000	2	mp3	4282983	ok	
Bloodlines/05 - The Grandmother Too Old.mp3	149.640000	183	48000	2	mp3	3431738	ok	
Bloodlines/06 - The Babaylan Who Turned.mp3	166.728000	180	48000	2	mp3	3764627	ok	
Bloodlines/07 - The Dowry of Deep Earth.mp3	157.848000	182	48000	2	mp3	3598775	ok	
Bloodlines/08 - The Table Set for Ghosts.mp3	131.928000	183	48000	2	mp3	3031424	ok	
Bloodlines/09 - The Springs and the Fourth Name.mp3	162.552000	185	48000	2	mp3	3763096	ok	
Bloodlines/10 - The Years of the Long Knives.mp3	152.520000	182	48000	2	mp3	3486865	ok	
Bloodlines/11 - The Counting of Four.mp3	137.520000	181	48000	2	mp3	3121818	ok	
Bloodlines/12 - Four Fires.mp3	204.000000	184	48000	2	mp3	4705665	ok	
Dawn-of-the-Void/01 - The Scroll of Batad.mp3	268.008000	182	48000	2	mp3	6114460	ok	
Dawn-of-the-Void/02 - The First Singing.mp3	287.160000	186	48000	2	mp3	6700404	ok	
Dawn-of-the-Void/03 - The Cup of Emptiness (Tohu).mp3	247.968000	188	48000	2	mp3	5831093	ok	
Dawn-of-the-Void/04 - The Arithmetic of Four.mp3	233.328000	183	48000	2	mp3	5357770	ok	
Dawn-of-the-Void/05 - The Whisper at the Edge.mp3	253.512000	185	48000	2	mp3	5866933	ok	
Dawn-of-the-Void/06 - The First Wanting.mp3	199.032000	193	48000	2	mp3	4823182	ok	
Dawn-of-the-Void/07 - The Healer's Hand.mp3	283.632000	183	48000	2	mp3	6508187	ok	
Dawn-of-the-Void/08 - The Stolen Light.mp3	144.024000	187	48000	2	mp3	3381540	ok	
Dawn-of-the-Void/09 - The Five Sentences.mp3	213.888000	185	48000	2	mp3	4968740	ok	
Dawn-of-the-Void/10 - Stepping Off the Threshold.mp3	254.352000	183	48000	2	mp3	5829325	ok	
Dawn-of-the-Void/11 - The Famine in the War.mp3	186.672000	189	48000	2	mp3	4414381	ok	
Dawn-of-the-Void/12 - The Dragon and the Wall.mp3	292.440000	187	48000	2	mp3	6864864	ok	
Dawn-of-the-Void/13 - The Word Descends.mp3	377.400000	179	48000	2	mp3	8483867	ok	
Dawn-of-the-Void/14 - The Burial in the Waste.mp3	144.552000	180	48000	2	mp3	3256468	ok	
Dawn-of-the-Void/15 - The Keeper of the Door.mp3	393.048000	182	48000	2	mp3	8981845	ok	
The-Amuyao-Covenant/01 - The Return.mp3	221.352000	192	48000	2	mp3	5335910	ok	
The-Amuyao-Covenant/02 - Iron in the Water.mp3	189.624000	187	48000	2	mp3	4433078	ok	
The-Amuyao-Covenant/03 - Four-Part Harmony.mp3	479.424000	187	48000	2	mp3	11248642	ok	
The-Amuyao-Covenant/04 - The Ravine.mp3	189.072000	186	48000	2	mp3	4408924	ok	
The-Amuyao-Covenant/05 - What Was Taken.mp3	202.392000	178	48000	2	mp3	4528135	ok	
The-Amuyao-Covenant/06 - The Mountain Calls.mp3	211.512000	184	48000	2	mp3	4886183	ok	
The-Amuyao-Covenant/07 - The Stone Circle.mp3	217.680000	191	48000	2	mp3	5220352	ok	
The-Amuyao-Covenant/08 - First Sacrament.mp3	195.000000	188	48000	2	mp3	4589439	ok	
The-Amuyao-Covenant/09 - The Knife and the Throat.mp3	177.672000	182	48000	2	mp3	4053618	ok	
The-Amuyao-Covenant/10 - Hive Heart.mp3	434.184000	178	48000	2	mp3	9660875	ok	
The-Amuyao-Covenant/11 - The Empresses of Hunger.mp3	298.752000	180	48000	2	mp3	6752100	ok	
The-Amuyao-Covenant/12 - The Covenant.mp3	184.272000	182	48000	2	mp3	4207304	ok	
The-Darkness-Arrives-in-Cebu/01 - Forty-Four Years.mp3	147.552000	179	48000	2	mp3	3319696	ok	
The-Darkness-Arrives-in-Cebu/02 - The Fleet at Navidad.mp3	146.928000	184	48000	2	mp3	3387011	ok	
The-Darkness-Arrives-in-Cebu/03 - One Blood (The Sandugo).mp3	138.192000	185	48000	2	mp3	3209780	ok	
The-Darkness-Arrives-in-Cebu/04 - Sugbo in Ashes.mp3	154.728000	183	48000	2	mp3	3541857	ok	
The-Darkness-Arrives-in-Cebu/05 - The Child in the Box.mp3	152.352000	185	48000	2	mp3	3539242	ok	
The-Darkness-Arrives-in-Cebu/06 - Urdaneta's Doubt.mp3	164.760000	183	48000	2	mp3	3786857	ok	
The-Darkness-Arrives-in-Cebu/07 - Nara the Keeper.mp3	139.080000	183	48000	2	mp3	3186027	ok	
The-Darkness-Arrives-in-Cebu/08 - The Fourth Name Is Not Hers.mp3	132.912000	185	48000	2	mp3	3080911	ok	
The-Darkness-Arrives-in-Cebu/09 - Villa de San Miguel.mp3	114.120000	182	48000	2	mp3	2604213	ok	
The-Darkness-Arrives-in-Cebu/10 - The Galleon's Hold.mp3	112.512000	191	48000	2	mp3	2689387	ok	
The-Darkness-Arrives-in-Cebu/11 - Tornaviaje (The Sunrising Road).mp3	107.112000	183	48000	2	mp3	2455764	ok	
The-Darkness-Arrives-in-Cebu/12 - What the New World Will Remember.mp3	169.512000	180	48000	2	mp3	3822244	ok	
The-Eleventh-Figure/01 - The Eleventh Figure.mp3	142.728000	190	48000	2	mp3	3398359	ok	
The-Eleventh-Figure/02 - The Store-Room of the New Church.mp3	121.800000	186	48000	2	mp3	2843826	ok	
The-Eleventh-Figure/03 - The Road to Mexico.mp3	97.680000	186	48000	2	mp3	2273099	ok	
The-Eleventh-Figure/04 - The Cathedral of the Child.mp3	139.128000	183	48000	2	mp3	3194310	ok	
The-Eleventh-Figure/05 - The Theft of the Warm Child.mp3	119.280000	187	48000	2	mp3	2790326	ok	
The-Eleventh-Figure/06 - Marfil.mp3	166.440000	178	48000	2	mp3	3712208	ok	
The-Eleventh-Figure/07 - The Wreck of the Singing Hold.mp3	129.240000	179	48000	2	mp3	2900510	ok	
The-Eleventh-Figure/08 - The Mission Road.mp3	157.920000	176	48000	2	mp3	3490208	ok	
The-Eleventh-Figure/09 - The Iron Roads.mp3	136.512000	189	48000	2	mp3	3228218	ok	
The-Eleventh-Figure/10 - The Cup Country.mp3	129.432000	186	48000	2	mp3	3012258	ok	
The-Eleventh-Figure/11 - The Church That Let Itself Be Burned.mp3	177.192000	187	48000	2	mp3	4161087	ok	
The-Eleventh-Figure/12 - The Lullaby, Unfinished.mp3	127.272000	178	48000	2	mp3	2838334	ok	
The-Hollow-Destroyed/01 - The Daughter Finds the Mountain.mp3	258.600000	182	48000	2	mp3	5883464	ok	
The-Hollow-Destroyed/02 - Thirty-Two Years of Absence.mp3	203.472000	178	48000	2	mp3	4539371	ok	
The-Hollow-Destroyed/03 - Bloodlines Remembered.mp3	214.560000	182	48000	2	mp3	4886157	ok	
The-Hollow-Destroyed/04 - The Caves Beneath Manila.mp3	254.688000	186	48000	2	mp3	5921879	ok	
The-Hollow-Destroyed/05 - Mother.mp3	204.672000	177	48000	2	mp3	4537201	ok	
The-Hollow-Destroyed/06 - Hands in the Dark.mp3	266.640000	185	48000	2	mp3	6169865	ok	
The-Hollow-Destroyed/07 - The Geometry Completed.mp3	233.832000	181	48000	2	mp3	5303776	ok	
The-Hollow-Destroyed/08 - Fullness Against Hunger.mp3	234.792000	181	48000	2	mp3	5318264	ok	
The-Hollow-Destroyed/09 - The Hollow Starves.mp3	232.152000	183	48000	2	mp3	5325258	ok	
The-Hollow-Destroyed/10 - Unchanged.mp3	183.912000	183	48000	2	mp3	4214302	ok	
The-Hollow-Destroyed/11 - The Weight of Infants.mp3	224.640000	183	48000	2	mp3	5151402	ok	
The-Hollow-Destroyed/12 - Four Women Weeping.mp3	186.408000	179	48000	2	mp3	4193635	ok	
The-Hollow-Destroyed/13 - Lumawig's Blade.mp3	177.840000	190	48000	2	mp3	4231327	ok	
The-Hollow-Destroyed/14 - The Vows in Tagalog.mp3	211.080000	182	48000	2	mp3	4811112	ok	
The-Hollow-Destroyed/15 - The Garden Above Batad.mp3	253.128000	181	48000	2	mp3	5743998	ok	
The-Hollow-Destroyed/16 - Six Points.mp3	222.120000	182	48000	2	mp3	5075927	ok	
The-Hollow-Destroyed/17 - (Bonus Track) The Death of The Hollow.mp3	266.808000	182	48000	2	mp3	6072436	ok	
The-Permanent-Season/01 - Fontanelle.mp3	143.040000	182	48000	2	mp3	3254689	ok	
The-Permanent-Season/02 - The Nursery in the Dark.mp3	138.240000	180	48000	2	mp3	3118713	ok	
The-Permanent-Season/03 - First Milk, First Blood.mp3	230.664000	184	48000	2	mp3	5331577	ok	
The-Permanent-Season/04 - Sleepwalker.mp3	206.232000	186	48000	2	mp3	4803701	ok	
The-Permanent-Season/05 - The Cradle Empty.mp3	254.952000	183	48000	2	mp3	5861960	ok	
The-Permanent-Season/06 - Teeth That Walk.mp3	183.240000	176	48000	2	mp3	4052449	ok	
The-Permanent-Season/07 - Lumawig's Lament.mp3	189.624000	182	48000	2	mp3	4332024	ok	
The-Permanent-Season/08 - Forty Blades.mp3	207.624000	192	48000	2	mp3	4994291	ok	
The-Permanent-Season/09 - The Absence.mp3	170.760000	200	48000	2	mp3	4276520	ok	
The-Permanent-Season/10 - Palace of Bone.mp3	192.264000	182	48000	2	mp3	4387126	ok	
The-Permanent-Season/11 - The Season Without End.mp3	192.384000	182	48000	2	mp3	4395407	ok	
The-Permanent-Season/12 - Hollow Keeps What Answers.mp3	164.592000	176	48000	2	mp3	3630185	ok	
The-Permanent-Season/13 - Dalisay's Dream.mp3	152.952000	181	48000	2	mp3	3471746	ok	
The-Red-Hollow-of-Kentucky/01 - Four Tents, One Fire.mp3	208.080000	183	48000	2	mp3	4777868	ok	
The-Red-Hollow-of-Kentucky/02 - Salt at the Treeline.mp3	172.680000	179	48000	2	mp3	3872510	ok	
The-Red-Hollow-of-Kentucky/03 - Black Laurel Psalm.mp3	208.632000	178	48000	2	mp3	4657989	ok	
The-Red-Hollow-of-Kentucky/04 - Mouths in the Hemlock.mp3	196.824000	184	48000	2	mp3	4529496	ok	
The-Red-Hollow-of-Kentucky/05 - Borrowed Skin.mp3	152.952000	184	48000	2	mp3	3536716	ok	
The-Red-Hollow-of-Kentucky/06 - Red Supper at Stone Creek.mp3	189.504000	178	48000	2	mp3	4219957	ok	
The-Red-Hollow-of-Kentucky/07 - The Fourth Name Is Not Hers.mp3	171.960000	176	48000	2	mp3	3793647	ok	
The-Red-Hollow-of-Kentucky/08 - Ash-Kiss Covenant.mp3	144.864000	177	48000	2	mp3	3214065	ok	
The-Red-Hollow-of-Kentucky/09 - Lanterns for the Taken.mp3	186.744000	183	48000	2	mp3	4290587	ok	
The-Red-Hollow-of-Kentucky/10 - Dawn Refuses Us (Final Transmission).mp3	193.320000	175	48000	2	mp3	4232953	ok	
The-Solitary-Path/01 - The House on the Mountain.mp3	288.432000	181	48000	2	mp3	6537751	ok	
The-Solitary-Path/02 - The Texts Lumawig Left.mp3	212.808000	184	48000	2	mp3	4919817	ok	
The-Solitary-Path/03 - First Blood Memory.mp3	262.560000	176	48000	2	mp3	5785187	ok	
The-Solitary-Path/04 - The Prayer Without Words.mp3	269.640000	177	48000	2	mp3	5982786	ok	
The-Solitary-Path/05 - The Dreaming Begins.mp3	264.648000	179	48000	2	mp3	5923525	ok	
The-Solitary-Path/06 - The Loneliness of Refusal.mp3	212.832000	170	48000	2	mp3	4523264	ok	
The-Solitary-Path/07 - The Old Men With Chicken Bones (Reprise).mp3	226.512000	178	48000	2	mp3	5060192	ok	
The-Solitary-Path/08 - The Weapon of Satisfaction.mp3	237.552000	194	48000	2	mp3	5781632	ok	
The-Solitary-Path/09 - The Teeth in Her Dreams.mp3	212.832000	179	48000	2	mp3	4778912	ok	
The-Solitary-Path/10 - The Blood of the Ancients.mp3	222.432000	180	48000	2	mp3	5005076	ok	
The-Solitary-Path/11 - Bathala Speaks.mp3	294.360000	177	48000	2	mp3	6533167	ok	
The-Solitary-Path/12 - The Descent.mp3	234.432000	184	48000	2	mp3	5403643	ok	
The-Unholy-Blood/01 - First of the Adult Kine.mp3	166.440000	183	48000	2	mp3	3820583	ok	
The-Unholy-Blood/02 - The Temple Beneath Payatas.mp3	207.720000	199	48000	2	mp3	5187287	ok	
The-Unholy-Blood/03 - Dissolution Hymn.mp3	354.240000	182	48000	2	mp3	8061343	ok	
The-Unholy-Blood/04 - Glamour.mp3	118.200000	192	48000	2	mp3	2837241	ok	
The-Unholy-Blood/05 - Shadow-Walking.mp3	255.000000	184	48000	2	mp3	5894145	ok	
The-Unholy-Blood/06 - Blood-Tracking.mp3	144.960000	188	48000	2	mp3	3412191	ok	
The-Unholy-Blood/07 - The Old Men with Chicken Bones.mp3	292.344000	180	48000	2	mp3	6601593	ok	
The-Unholy-Blood/08 - Sacred Grove Barrier.mp3	258.912000	195	48000	2	mp3	6314804	ok	
The-Unholy-Blood/09 - Luring the Fifth.mp3	253.560000	183	48000	2	mp3	5806278	ok	
The-Unholy-Blood/10 - Unholy Blood.mp3	212.544000	179	48000	2	mp3	4781705	ok	
The-Unholy-Blood/11 - She-Who-Drinks-Eternal.mp3	61.632000	169	48000	2	mp3	1308201	ok	
The-Unholy-Blood/12 - Dalisay's Prayer.mp3	30.552000	172	48000	2	mp3	659981	ok	
